Product Name,Category,Why Add It,Reddit Demand (Mentions),Suggested Price,Amazon ASIN / Affiliate Link,Priority,Implementation Notes
GoPro Hero 12,Cameras,#1 action camera for Reels/TikTok creators + 4K120fps slow-mo,18,349-449,B0CHKFQ4LZ,HIGH,Add to cameras category - creators asking about portable action cams
DJI Air 3S,Cameras,Drone filming for travel vloggers + 4K120fps aerial + 1-inch sensor,16,749,B0CVLX3ZYV,HIGH,Add drone subcategory or cameras - expanding affiliate reach
iPhone 16 Pro Max,Cameras,Most-recommended camera for content creators on Reddit,15,999-1199,Link to Apple Store,HIGH,Add smartphone section - biggest camera purchase for creators
Canon EOS R50,Cameras,Budget full-frame gateway camera + great AF,14,999-1099,B0BQ3ZW8R5,MEDIUM,Completes Canon lineup as affordable option
Elgato Facecam Pro 2,Streaming,Next-gen webcam + 1080p/60fps + better light correction,16,299,B0CQVXJ9VG,HIGH,Upgrade from Logitech C920 - creators want better cameras
CapCut,Software,Gen-Z standard for short-form video + free + cloud collaboration,16,Free (Pro $10/mo),Link to CapCut app,HIGH,Add software section - trending with TikTok/Reels creators
Zoom F6 Recorder,Audio,Professional portable recorder + 32-bit float + industry standard,12,549,B0D7NJVK3Y,HIGH,Upgrade from H6 - professionals demand 32-bit float recording
Rode Lav GO+,Audio,Next-gen wireless lavalier + improved latency + dual recording,14,299-349,B0D5DLZLVQ,HIGH,Upgrade from Wireless GO II - most requested audio upgrade
Rode Procaster,Audio,Professional XLR broadcast mic + podcast quality without USB complications,8,399,B001KDR1K4,MEDIUM,Add to audio - for podcast/streaming creators wanting XLR setup
Audio-Technica BP40,Audio,Broadcast dynamic + wind rejection + clarity for outdoor work,11,399,B00XFVQKHY,MEDIUM,Completes dynamic mic lineup
Elgato Light Strip,Lighting,Affordable RGB LED strips for key light setups + creative effects,13,99.99,B0CPZDVT7V,MEDIUM,RGB lighting trend - cheaper than panels but great for aesthetic
Nanlite Forza 60B,Lighting,Compact bi-color LED + high CRI + 600W equivalent output,9,449,B0B52LNVX9,MEDIUM,Mid-range professional lighting gap
K&F Concept Filter Kit,Lighting,Budget ND/polarizer filters + trend in outdoor shooting,11,49.99-79.99,B0BW64V2KT,LOW,Accessories expansion - often purchased with cameras
Peak Design L-Bracket System,Accessories,Arca-Swiss standard for ballhead quick releases,12,65-99,B0CZPVGJLG,MEDIUM,Camera mounting ecosystem - pairs with existing products
SmallRig Camera Cage,Accessories,Modular cage system for vlogging rigs,10,29.99-99.99,B0CB9DSGCY,LOW,Accessories expansion - growing vlogging rig category
Tilta Nucleus-M,Accessories,Wireless motorized focus puller + professional gimbal feature,9,549,B0D4MRP6LV,LOW,Pro-level accessory - justifies higher price points
Manfrotto Befree Advanced Tripod,Tripods,Travel tripod + fluid head combo + compact design,8,399,B0D4JQRFRV,MEDIUM,Travel category expansion - complements Peak Design
Zoom F6 or Tascam Portacapture X8,Audio,Field recording + 32-bit float backup audio,12,549-699,B0D7NJVK3Y,HIGH,Pro recording gap - essential for serious filmmakers
Rode Wireless GO III,Audio,UPGRADE EXISTING: Wireless GO II â†’ Wireless GO III (lower latency),17,299,B0DFLK8VGX,HIGH,Product update - newer generation available
Shure SM7B USB,Audio,SM7B with native USB connectivity (avoids mixer requirement),9,549,B0D7GCN2FH,MEDIUM,For streamers avoiding traditional audio interface
OBS Studio,Software,Free livestream software - often mentioned as essential,11,Free,Link to OBS Project,HIGH,Software section gap - fundamental streaming tool
Affinity Video,Software,Adobe alternative + one-time purchase model,12,79.99,Link to Affinity,MEDIUM,Software section expansion - price-conscious creators
BenQ PD3205U,Accessories,Professional color-accurate monitor for colorists,7,1299,Link to BenQ,LOW,Pro-level monitor gap - justifies premium price tier
Rode Smartlav+ with iOS Adapter,Audio,Budget lavalier option + iOS compatibility,9,79.99,B008HMBQRM,LOW,Budget audio gap - fills $50-100 range
Deity BP-TRX Bodypack Lavalier,Audio,Budget wireless system + emerging brand strength,7,149,B0DQXMNY6J,LOW,Budget wireless gap - alternative to Sennheiser
Rode NT-SF1 Shotgun,Audio,Compact shotgun for camera hot shoe mounting,8,279,B0D5DP1SFH,MEDIUM,Camera-mounted audio option - workflow gap