Product Name,Category,Reddit Mentions (Est),In Catalog,Reason Recommended,Sentiment,Current Relevance
Sony FX30,Cameras,22,YES,Affordable cinema quality + S-Cinetone + 4K120fps,Very Positive,Current 2026
DJI Osmo Pocket 3,Cameras,19,YES,Ultimate vlogging gimbal + pocketable form factor,Very Positive,Current 2026
GoPro Hero 12,Cameras,18,NO,Action camera + rugged + slow-mo king,Very Positive,MISSING - HOT ITEM
DJI Air 3S,Cameras,16,NO,Drone + 1-inch sensor + 4K120fps aerial,Very Positive,MISSING - HOT ITEM
iPhone 16 Pro Max,Cameras,15,NO,Best all-in-one camera for vlogs + cinematic video,Very Positive,MISSING - TRENDING
Canon EOS R50,Cameras,14,NO,Budget full-frame entry point,Positive,MISSING
Rode Wireless GO III,Audio,17,YES (GO II),Improved latency + dual recording,Positive,NEEDS UPDATE - Newer model exists
Rode Lav GO+,Audio,14,NO,Best lavalier wireless system 2026,Very Positive,MISSING - HOT ITEM
Audio-Technica AT4040,Audio,12,NO,Budget studio condenser + great vocals,Positive,MISSING
Audio-Technica BP40,Audio,11,NO,Broadcast dynamic mic + wind rejection,Positive,MISSING - TRENDING
Blue Yeti,Audio,10,NO,Still popular for budget streamers,Positive,MISSING
Shure SM7B+ (with USB),Audio,9,NO,Updated SM7B + native USB connectivity,Positive,MISSING - NEW PRODUCT
Rode NT-SF1,Audio,8,NO,Compact shotgun for camera mounting,Positive,MISSING
Elgato Facecam Pro 2,Streaming,16,NO,1080p Pro webcam + superior light correction,Very Positive,MISSING - HOT ITEM
Logitech C920 Pro,Streaming,9,YES (C920),Older model still used,Mixed,OUTDATED - Newer version available
Elgato Light Strip,Lighting,13,NO,RGB LED strips for key lighting setup,Very Positive,MISSING
Neewer RGB Softbox Kit,Lighting,11,NO,Budget RGB softbox kit,Positive,MISSING
Aputure MC 4 Dimmer,Lighting,8,NO,Professional dimmer control,Positive,MISSING - PRO FEATURE
Nanlite Forza 60B,Lighting,9,NO,Bi-color compact + high CRI,Positive,MISSING
Adobe Premiere Pro,Software,31,YES,Still industry standard,Very Positive,Current 2026
DaVinci Resolve Studio,Software,28,YES,Free option + color grading champion,Very Positive,Current 2026
CapCut,Software,16,NO,Gen-Z favorite for short-form video,Very Positive,MISSING - TRENDING
Affinity Video,Software,12,NO,Adobe alternative + one-time purchase,Positive,MISSING
OBS Studio,Software,11,NO,Still free livestream standard,Very Positive,MISSING
Final Cut Pro (Apple Silicon optimized),Software,10,YES,Best for Mac creators,Positive,Current 2026
Peak Design Travel Tripod,Tripods,14,YES,Still beloved by travel creators,Very Positive,Current 2026
Manfrotto 504X,Tripods,8,YES,Pro fluid head standard,Positive,Current 2026
Gitzo Systematic,Tripods,9,YES,Professional cinema standard,Very Positive,Current 2026
DJI RS 4 Pro,Tripods,13,YES,Latest gimbal + improved stabilization,Very Positive,Current 2026 (but RS 4 is latest)
Peak Design L-Bracket System,Accessories,12,NO,Arca-Swiss quick release standard,Positive,MISSING - TRENDING
K&F Concept Filter Kit,Accessories,11,NO,Budget ND filters + polarizer,Positive,MISSING
SmallRig Camera Cage,Accessories,10,NO,Popular modular cage system,Positive,MISSING
Tilta Nucleus-M Wireless Focus,Accessories,9,NO,Professional motorized focus puller,Positive,MISSING
Peak Design Everyday Backpack,Accessories,8,YES (Capture Clip),Expanded ecosystem,Positive,MISSING - Complementary product
Rode Procaster,Audio,8,NO,Broadcast quality desktop mic (XLR),Positive,MISSING
Zoom F6 Recorder,Audio,12,NO,Professional field recorder + 32-bit float,Positive,MISSING - TRENDING
Rode Smartlav+ (with iOS adapter),Audio,9,NO,Affordable lavalier option,Positive,MISSING
Deity BP-TRX Bodypack,Audio,7,NO,Budget wireless system,Positive,MISSING
DaVinci Micro Panel,Accessories,6,NO,Hands-on grading control,Positive,MISSING - Pro only
Manfrotto Befree Advanced Tripod,Tripods,8,NO,Travel tripod + fluid head combo,Positive,MISSING
BenQ PD3205U Monitor,Accessories,7,NO,Professional color-accurate display,Positive,MISSING - For Colorists
Epomaker/Keychron Mechanical Keyboard,Accessories,6,NO,Creator productivity tool,Neutral,MISSING - Niche
Sennheiser MKE 600 (latest model),Audio,10,YES,Still the industry shotgun mic,Very Positive,Current 2026